{
  "master_volume": 0.0,
  "bgm_volume": 0.48285705,
  "sfx_volume": 0.40666667,
  "click_volume": 0.4161904
}